PRE4;PRE5;AGE;DGN;PRE6;PRE7;PRE8;PRE9;PRE10;PRE11;PRE14;PRE17;PRE19;PRE25;PRE30;PRE32;Risk1Yr
[2.8 - 3.6];[2.1 - 2.8];[59.5 - 66.5];DGN2;PRZ1;F;F;F;T;T;OC14;F;F;F;T;F;F
[2.8 - 3.6];[-inf - 2.1];[-inf - 59.5];DGN3;PRZ0;F;F;F;F;F;OC12;F;F;F;T;F;F
[-inf - 2.8];[-inf - 2.1];[-inf - 59.5];DGN3;PRZ1;F;F;F;T;F;OC11;F;F;F;T;F;F
[3.6 - inf];[2.8 - inf];[-inf - 59.5];DGN3;PRZ0;F;F;F;F;F;OC11;F;F;F;F;F;F
[-inf - 2.8];[-inf - 2.1];[66.5 - inf];DGN3;PRZ2;F;T;F;T;T;OC11;F;F;F;T;F;T
[-inf - 2.8];[-inf - 2.1];[-inf - 59.5];DGN3;PRZ1;F;F;F;T;F;OC11;F;F;F;F;F;F
[3.6 - inf];[2.8 - inf];[-inf - 59.5];DGN3;PRZ1;F;F;F;T;F;OC12;T;F;F;T;F;T
[2.8 - 3.6];[2.1 - 2.8];[59.5 - 66.5];DGN2;PRZ1;F;F;F;T;F;OC11;F;F;T;T;F;T
[2.8 - 3.6];[2.1 - 2.8];[66.5 - inf];DGN3;PRZ2;F;F;F;T;T;OC11;F;F;F;T;F;F
[-inf - 2.8];[2.1 - 2.8];[-inf - 59.5];DGN3;PRZ1;F;F;F;T;F;OC11;F;F;F;T;F;F
[-inf - 2.8];[2.1 - 2.8];[59.5 - 66.5];DGN3;PRZ0;F;T;F;T;F;OC12;F;F;F;F;F;F
[3.6 - inf];[2.8 - inf];[-inf - 59.5];DGN3;PRZ1;F;F;F;F;F;OC12;F;F;F;T;F;F
[2.8 - 3.6];[2.1 - 2.8];[66.5 - inf];DGN3;PRZ1;F;F;F;T;T;OC11;F;F;F;T;F;F
[3.6 - inf];[2.8 - inf];[66.5 - inf];DGN2;PRZ2;F;F;F;T;T;OC14;F;F;F;T;F;T
[-inf - 2.8];[-inf - 2.1];[66.5 - inf];DGN3;PRZ1;F;F;F;T;F;OC11;F;F;F;T;F;F
[3.6 - inf];[2.8 - inf];[59.5 - 66.5];DGN3;PRZ1;F;F;F;T;F;OC12;F;F;F;T;F;F
[-inf - 2.8];[-inf - 2.1];[-inf - 59.5];DGN2;PRZ0;F;T;F;F;F;OC12;F;F;F;T;F;F
[2.8 - 3.6];[-inf - 2.1];[59.5 - 66.5];DGN2;PRZ0;F;F;F;F;F;OC12;F;F;F;T;F;F
[-inf - 2.8];[-inf - 2.1];[66.5 - inf];DGN3;PRZ1;F;F;F;T;F;OC12;F;F;F;T;F;F
[2.8 - 3.6];[2.1 - 2.8];[66.5 - inf];DGN3;PRZ0;F;F;F;F;F;OC11;F;F;F;T;F;F
[3.6 - inf];[2.8 - inf];[-inf - 59.5];DGN3;PRZ0;F;F;F;F;F;OC12;F;F;F;T;F;F
[2.8 - 3.6];[2.8 - inf];[59.5 - 66.5];DGN4;PRZ0;F;F;F;F;F;OC12;F;F;F;T;F;F
[-inf - 2.8];[-inf - 2.1];[59.5 - 66.5];DGN3;PRZ0;F;F;F;F;F;OC12;F;F;F;T;F;F
[3.6 - inf];[2.1 - 2.8];[59.5 - 66.5];DGN3;PRZ0;F;F;F;F;F;OC11;F;F;F;T;F;F
[3.6 - inf];[2.8 - inf];[-inf - 59.5];DGN8;PRZ0;F;F;F;F;F;OC11;F;F;F;F;F;T
[3.6 - inf];[2.8 - inf];[-inf - 59.5];DGN5;PRZ0;T;T;F;T;F;OC12;F;F;F;T;F;F
[2.8 - 3.6];[2.8 - inf];[59.5 - 66.5];DGN3;PRZ1;F;F;F;T;F;OC11;F;F;F;T;F;F
[2.8 - 3.6];[2.8 - inf];[66.5 - inf];DGN3;PRZ1;F;F;F;T;T;OC11;F;F;F;T;F;T
[2.8 - 3.6];[2.1 - 2.8];[-inf - 59.5];DGN3;PRZ1;F;F;F;T;T;OC11;F;F;F;T;F;F
[3.6 - inf];[2.8 - inf];[59.5 - 66.5];DGN6;PRZ0;F;F;F;F;F;OC11;F;F;F;T;F;F
[2.8 - 3.6];[2.1 - 2.8];[-inf - 59.5];DGN3;PRZ1;T;T;F;F;F;OC14;F;F;F;T;F;T
[3.6 - inf];[2.8 - inf];[-inf - 59.5];DGN3;PRZ1;F;F;F;T;F;OC12;F;F;F;F;F;F
[-inf - 2.8];[-inf - 2.1];[66.5 - inf];DGN5;PRZ1;T;F;F;F;F;OC12;T;F;F;F;F;F
[-inf - 2.8];[-inf - 2.1];[66.5 - inf];DGN3;PRZ1;F;F;F;T;F;OC12;T;F;F;F;F;F
[-inf - 2.8];[2.1 - 2.8];[66.5 - inf];DGN2;PRZ1;F;F;F;T;F;OC11;F;F;F;F;F;F
[-inf - 2.8];[-inf - 2.1];[-inf - 59.5];DGN3;PRZ0;F;F;F;F;F;OC11;F;F;F;T;F;F
[-inf - 2.8];[-inf - 2.1];[66.5 - inf];DGN3;PRZ1;F;F;F;T;F;OC12;F;F;F;T;F;F
[3.6 - inf];[2.1 - 2.8];[59.5 - 66.5];DGN3;PRZ1;F;T;T;F;F;OC12;T;F;F;F;F;F
[3.6 - inf];[2.8 - inf];[-inf - 59.5];DGN3;PRZ0;F;F;F;F;F;OC11;F;F;F;T;F;F
[3.6 - inf];[2.8 - inf];[-inf - 59.5];DGN3;PRZ1;F;F;F;T;F;OC11;F;F;F;T;F;F
[3.6 - inf];[2.8 - inf];[59.5 - 66.5];DGN5;PRZ1;F;F;F;T;F;OC11;F;F;F;T;F;T
[2.8 - 3.6];[2.1 - 2.8];[59.5 - 66.5];DGN2;PRZ1;F;F;F;T;F;OC12;F;F;F;T;F;T
[2.8 - 3.6];[2.8 - inf];[66.5 - inf];DGN3;PRZ1;F;F;F;T;F;OC12;F;F;F;T;F;F
[-inf - 2.8];[-inf - 2.1];[-inf - 59.5];DGN5;PRZ0;F;F;F;T;F;OC12;F;F;F;T;F;T
[2.8 - 3.6];[2.1 - 2.8];[59.5 - 66.5];DGN3;PRZ1;T;F;F;T;F;OC12;F;F;F;T;F;F
[-inf - 2.8];[-inf - 2.1];[59.5 - 66.5];DGN3;PRZ0;F;F;F;F;F;OC11;F;F;F;T;F;F
[3.6 - inf];[2.8 - inf];[66.5 - inf];DGN3;PRZ1;F;F;F;T;F;OC12;F;F;F;T;F;F
[-inf - 2.8];[-inf - 2.1];[66.5 - inf];DGN3;PRZ1;F;F;F;T;F;OC12;F;F;F;T;F;T
[3.6 - inf];[2.8 - inf];[-inf - 59.5];DGN3;PRZ2;F;F;F;T;T;OC12;F;F;F;T;F;F
[3.6 - inf];[2.8 - inf];[-inf - 59.5];DGN3;PRZ0;F;F;F;F;F;OC12;F;F;F;F;F;F
[-inf - 2.8];[-inf - 2.1];[66.5 - inf];DGN3;PRZ1;F;F;F;T;F;OC12;F;F;F;F;F;F
[3.6 - inf];[2.8 - inf];[66.5 - inf];DGN3;PRZ1;F;F;F;T;F;OC11;F;F;F;T;F;F
[2.8 - 3.6];[2.1 - 2.8];[66.5 - inf];DGN3;PRZ2;T;T;T;T;F;OC12;F;F;F;T;F;F
[3.6 - inf];[2.1 - 2.8];[66.5 - inf];DGN4;PRZ1;F;F;F;T;F;OC12;F;F;F;T;F;F
[3.6 - inf];[2.8 - inf];[59.5 - 66.5];DGN3;PRZ1;F;F;F;T;F;OC12;F;F;F;T;F;F
[2.8 - 3.6];[2.1 - 2.8];[59.5 - 66.5];DGN4;PRZ1;F;F;F;T;F;OC12;F;F;F;T;F;F
[3.6 - inf];[2.8 - inf];[-inf - 59.5];DGN3;PRZ1;F;F;T;T;F;OC11;F;F;F;F;F;F
[2.8 - 3.6];[2.1 - 2.8];[59.5 - 66.5];DGN3;PRZ1;T;F;F;T;T;OC11;T;F;F;T;F;T
[3.6 - inf];[2.8 - inf];[59.5 - 66.5];DGN4;PRZ0;F;F;F;F;F;OC12;F;F;F;T;F;F
[3.6 - inf];[2.8 - inf];[-inf - 59.5];DGN3;PRZ0;F;F;F;F;F;OC12;F;F;F;T;F;F
[2.8 - 3.6];[2.1 - 2.8];[-inf - 59.5];DGN3;PRZ0;F;F;F;F;F;OC13;F;F;F;T;F;T
[2.8 - 3.6];[-inf - 2.1];[66.5 - inf];DGN3;PRZ2;F;F;F;T;T;OC12;F;F;F;T;F;F
[3.6 - inf];[2.8 - inf];[-inf - 59.5];DGN3;PRZ0;F;F;F;F;F;OC11;F;F;F;T;F;F
[3.6 - inf];[2.8 - inf];[-inf - 59.5];DGN3;PRZ0;F;F;F;F;F;OC11;T;F;F;F;F;F
[2.8 - 3.6];[2.1 - 2.8];[-inf - 59.5];DGN2;PRZ1;F;T;F;T;F;OC12;F;F;F;T;F;F
[2.8 - 3.6];[2.1 - 2.8];[-inf - 59.5];DGN3;PRZ1;F;F;F;T;F;OC12;F;F;F;F;F;F
[-inf - 2.8];[-inf - 2.1];[-inf - 59.5];DGN3;PRZ0;F;F;F;F;F;OC11;F;F;F;F;F;F
[-inf - 2.8];[-inf - 2.1];[59.5 - 66.5];DGN4;PRZ1;F;T;F;T;T;OC11;F;F;F;T;F;T
[-inf - 2.8];[2.1 - 2.8];[59.5 - 66.5];DGN3;PRZ1;F;F;F;T;F;OC12;F;F;F;T;F;F
[2.8 - 3.6];[-inf - 2.1];[66.5 - inf];DGN3;PRZ1;F;T;F;T;F;OC12;F;F;F;T;F;F
[2.8 - 3.6];[2.1 - 2.8];[-inf - 59.5];DGN3;PRZ1;F;T;F;F;F;OC11;F;F;F;F;F;F
[2.8 - 3.6];[2.1 - 2.8];[66.5 - inf];DGN3;PRZ1;F;F;F;T;F;OC12;T;F;F;T;F;F
[2.8 - 3.6];[2.8 - inf];[59.5 - 66.5];DGN3;PRZ0;F;F;F;F;F;OC11;F;F;F;T;F;F
[3.6 - inf];[2.8 - inf];[-inf - 59.5];DGN4;PRZ0;F;F;F;F;F;OC11;F;F;F;F;F;F
[3.6 - inf];[2.8 - inf];[-inf - 59.5];DGN3;PRZ1;F;F;F;T;F;OC11;F;F;F;T;F;F
[2.8 - 3.6];[2.1 - 2.8];[-inf - 59.5];DGN3;PRZ1;F;F;F;T;F;OC14;F;F;F;T;F;T
[-inf - 2.8];[-inf - 2.1];[59.5 - 66.5];DGN3;PRZ1;F;F;F;T;T;OC11;F;F;F;T;F;F
[2.8 - 3.6];[2.8 - inf];[59.5 - 66.5];DGN3;PRZ1;F;F;F;T;F;OC12;F;F;F;T;F;T
[-inf - 2.8];[-inf - 2.1];[-inf - 59.5];DGN3;PRZ1;F;F;F;T;F;OC12;F;F;F;T;F;F
[2.8 - 3.6];[2.1 - 2.8];[66.5 - inf];DGN3;PRZ1;F;F;F;T;F;OC12;F;F;F;F;F;F
[3.6 - inf];[2.8 - inf];[-inf - 59.5];DGN3;PRZ1;F;F;F;T;F;OC12;F;F;F;T;F;F
[-inf - 2.8];[-inf - 2.1];[-inf - 59.5];DGN3;PRZ1;F;F;F;T;F;OC14;F;F;F;T;F;F
[2.8 - 3.6];[-inf - 2.1];[59.5 - 66.5];DGN3;PRZ1;F;F;F;T;F;OC12;F;F;F;T;F;F
[2.8 - 3.6];[2.1 - 2.8];[59.5 - 66.5];DGN3;PRZ1;F;F;F;T;F;OC11;T;F;F;F;F;F
[3.6 - inf];[2.8 - inf];[-inf - 59.5];DGN3;PRZ0;F;F;F;F;F;OC12;F;F;F;T;F;F
[3.6 - inf];[2.1 - 2.8];[-inf - 59.5];DGN3;PRZ1;F;F;F;T;F;OC12;F;F;F;T;F;F
[3.6 - inf];[2.8 - inf];[-inf - 59.5];DGN3;PRZ0;F;F;T;T;F;OC12;F;F;F;F;F;F
[-inf - 2.8];[-inf - 2.1];[66.5 - inf];DGN3;PRZ1;F;F;T;F;F;OC12;F;F;T;T;F;F
[-inf - 2.8];[-inf - 2.1];[66.5 - inf];DGN5;PRZ2;F;T;F;T;T;OC11;F;F;F;T;F;F
[2.8 - 3.6];[2.8 - inf];[66.5 - inf];DGN3;PRZ1;T;T;T;T;F;OC12;F;F;F;T;F;F
[2.8 - 3.6];[2.1 - 2.8];[66.5 - inf];DGN4;PRZ1;F;T;F;T;F;OC12;F;F;F;T;F;F
[-inf - 2.8];[-inf - 2.1];[66.5 - inf];DGN3;PRZ1;F;F;F;T;F;OC11;F;F;F;T;F;F
[2.8 - 3.6];[2.1 - 2.8];[59.5 - 66.5];DGN3;PRZ1;F;F;F;T;F;OC12;F;F;F;T;F;T
[3.6 - inf];[2.8 - inf];[-inf - 59.5];DGN3;PRZ0;F;F;F;F;F;OC11;F;F;F;T;F;F
[-inf - 2.8];[-inf - 2.1];[66.5 - inf];DGN3;PRZ2;F;F;F;T;T;OC12;F;F;F;T;F;F
[3.6 - inf];[2.8 - inf];[-inf - 59.5];DGN3;PRZ1;F;F;F;T;F;OC11;F;F;F;T;F;F
[-inf - 2.8];[-inf - 2.1];[66.5 - inf];DGN4;PRZ1;F;F;F;T;F;OC12;F;F;F;T;F;T
[2.8 - 3.6];[2.1 - 2.8];[66.5 - inf];DGN6;PRZ2;F;F;F;T;F;OC11;F;F;F;T;F;F
[-inf - 2.8];[2.8 - inf];[-inf - 59.5];DGN3;PRZ1;F;F;T;T;F;OC11;F;F;F;T;F;F
[3.6 - inf];[2.8 - inf];[-inf - 59.5];DGN3;PRZ1;F;T;T;T;F;OC12;F;F;F;T;F;T
[2.8 - 3.6];[2.1 - 2.8];[66.5 - inf];DGN3;PRZ1;F;F;F;T;F;OC11;F;F;F;T;F;F
[-inf - 2.8];[-inf - 2.1];[66.5 - inf];DGN3;PRZ1;F;F;F;T;T;OC12;T;F;F;T;F;F
[3.6 - inf];[2.8 - inf];[66.5 - inf];DGN4;PRZ1;F;F;F;T;F;OC12;F;F;F;T;F;F
[-inf - 2.8];[-inf - 2.1];[-inf - 59.5];DGN3;PRZ1;F;F;F;T;F;OC11;F;F;F;F;T;F
[2.8 - 3.6];[-inf - 2.1];[-inf - 59.5];DGN3;PRZ1;F;F;F;T;F;OC11;F;F;F;F;F;F
[3.6 - inf];[2.8 - inf];[-inf - 59.5];DGN5;PRZ1;F;F;F;F;T;OC11;F;F;F;F;F;F
[-inf - 2.8];[-inf - 2.1];[-inf - 59.5];DGN3;PRZ1;F;F;F;T;F;OC12;F;F;F;T;F;F
[2.8 - 3.6];[2.1 - 2.8];[-inf - 59.5];DGN3;PRZ1;F;F;F;T;F;OC12;F;F;F;T;F;F
[2.8 - 3.6];[2.8 - inf];[59.5 - 66.5];DGN3;PRZ0;F;F;F;F;F;OC11;F;F;F;F;F;F
[2.8 - 3.6];[2.1 - 2.8];[66.5 - inf];DGN3;PRZ1;F;F;T;T;F;OC12;F;F;F;T;F;F
[3.6 - inf];[2.8 - inf];[-inf - 59.5];DGN2;PRZ0;F;F;F;F;F;OC12;F;F;F;T;F;F
[3.6 - inf];[2.1 - 2.8];[-inf - 59.5];DGN3;PRZ1;F;F;F;T;F;OC12;T;F;F;T;F;F
[3.6 - inf];[2.8 - inf];[59.5 - 66.5];DGN3;PRZ0;F;F;F;F;F;OC12;F;F;F;T;F;F
[3.6 - inf];[2.8 - inf];[-inf - 59.5];DGN3;PRZ0;F;F;F;F;F;OC11;F;F;F;T;F;F
[3.6 - inf];[2.8 - inf];[-inf - 59.5];DGN3;PRZ0;F;F;F;T;F;OC12;F;F;F;T;F;F
[-inf - 2.8];[-inf - 2.1];[59.5 - 66.5];DGN4;PRZ1;F;T;F;T;F;OC11;T;F;F;T;F;T
[2.8 - 3.6];[2.1 - 2.8];[66.5 - inf];DGN4;PRZ1;F;F;F;T;T;OC12;F;F;F;T;F;F
[2.8 - 3.6];[2.1 - 2.8];[-inf - 59.5];DGN3;PRZ1;F;F;F;T;F;OC12;T;F;F;T;F;F
[2.8 - 3.6];[2.1 - 2.8];[-inf - 59.5];DGN4;PRZ1;F;F;F;F;F;OC11;F;F;F;T;F;F
[-inf - 2.8];[-inf - 2.1];[66.5 - inf];DGN3;PRZ1;F;F;F;T;T;OC12;F;F;F;T;F;F
[3.6 - inf];[2.1 - 2.8];[-inf - 59.5];DGN2;PRZ1;F;F;F;T;F;OC11;F;F;F;F;F;F
[2.8 - 3.6];[2.1 - 2.8];[66.5 - inf];DGN3;PRZ1;F;F;F;T;F;OC12;F;F;F;T;F;F
[-inf - 2.8];[-inf - 2.1];[66.5 - inf];DGN2;PRZ1;F;F;T;T;F;OC13;F;F;F;T;F;F
[2.8 - 3.6];[2.1 - 2.8];[66.5 - inf];DGN4;PRZ0;F;F;F;F;F;OC11;F;F;F;T;F;F
[2.8 - 3.6];[2.1 - 2.8];[66.5 - inf];DGN3;PRZ1;F;F;F;T;T;OC12;F;F;F;T;F;F
[2.8 - 3.6];[-inf - 2.1];[66.5 - inf];DGN3;PRZ1;F;F;F;T;F;OC12;F;F;F;T;F;F
[3.6 - inf];[2.1 - 2.8];[59.5 - 66.5];DGN3;PRZ1;F;F;F;T;F;OC11;F;F;F;T;F;F
[-inf - 2.8];[-inf - 2.1];[66.5 - inf];DGN3;PRZ1;F;T;F;T;T;OC11;T;F;F;T;F;T
[2.8 - 3.6];[-inf - 2.1];[66.5 - inf];DGN4;PRZ2;F;F;T;T;F;OC12;F;F;F;T;F;T
[3.6 - inf];[2.8 - inf];[-inf - 59.5];DGN2;PRZ1;F;F;F;T;F;OC11;F;F;F;T;F;F
[2.8 - 3.6];[2.8 - inf];[59.5 - 66.5];DGN3;PRZ1;F;F;F;T;F;OC11;F;F;F;T;F;F
[-inf - 2.8];[-inf - 2.1];[66.5 - inf];DGN2;PRZ1;F;F;F;F;F;OC12;F;F;F;T;F;F
[-inf - 2.8];[2.8 - inf];[59.5 - 66.5];DGN2;PRZ0;F;F;T;F;F;OC13;F;F;F;T;F;T
[-inf - 2.8];[-inf - 2.1];[59.5 - 66.5];DGN3;PRZ0;F;F;F;F;F;OC11;F;F;F;T;F;F
[3.6 - inf];[2.8 - inf];[-inf - 59.5];DGN3;PRZ1;F;F;F;T;F;OC12;F;F;F;T;F;F
[2.8 - 3.6];[2.1 - 2.8];[59.5 - 66.5];DGN3;PRZ1;F;F;F;T;F;OC11;F;F;F;T;F;F
[3.6 - inf];[2.8 - inf];[-inf - 59.5];DGN2;PRZ1;F;F;F;T;F;OC13;F;F;F;T;F;F
[-inf - 2.8];[-inf - 2.1];[-inf - 59.5];DGN3;PRZ1;F;F;F;T;F;OC14;F;F;F;T;F;T
[-inf - 2.8];[-inf - 2.1];[-inf - 59.5];DGN3;PRZ1;F;F;F;T;F;OC12;F;F;F;T;F;F
[3.6 - inf];[2.8 - inf];[-inf - 59.5];DGN3;PRZ1;F;T;F;F;F;OC12;F;F;F;F;F;F
[-inf - 2.8];[-inf - 2.1];[59.5 - 66.5];DGN2;PRZ1;F;F;F;T;F;OC11;F;F;F;T;F;F
[3.6 - inf];[2.8 - inf];[66.5 - inf];DGN3;PRZ1;F;T;F;T;F;OC12;F;F;F;T;F;F
[3.6 - inf];[2.8 - inf];[-inf - 59.5];DGN3;PRZ1;F;F;F;F;F;OC11;F;F;F;F;F;F
[-inf - 2.8];[-inf - 2.1];[66.5 - inf];DGN4;PRZ0;F;F;F;F;F;OC12;F;F;F;T;F;T
[3.6 - inf];[2.1 - 2.8];[66.5 - inf];DGN2;PRZ2;F;F;F;T;T;OC11;F;F;F;T;F;F
[3.6 - inf];[2.8 - inf];[59.5 - 66.5];DGN3;PRZ1;F;F;F;T;F;OC12;F;F;F;T;F;F
[3.6 - inf];[2.8 - inf];[66.5 - inf];DGN3;PRZ1;F;F;F;T;F;OC11;F;F;F;F;F;F
[2.8 - 3.6];[2.1 - 2.8];[66.5 - inf];DGN3;PRZ1;F;F;F;T;F;OC12;F;F;F;T;F;F
[3.6 - inf];[2.1 - 2.8];[66.5 - inf];DGN3;PRZ1;F;F;F;T;F;OC12;F;F;F;T;F;F
[-inf - 2.8];[2.1 - 2.8];[66.5 - inf];DGN3;PRZ0;F;F;F;F;F;OC11;F;F;F;T;F;F
[-inf - 2.8];[2.1 - 2.8];[-inf - 59.5];DGN3;PRZ0;F;F;F;F;F;OC12;F;F;F;F;F;F
[3.6 - inf];[2.8 - inf];[59.5 - 66.5];DGN3;PRZ1;F;T;F;T;F;OC11;F;F;F;T;F;T
[-inf - 2.8];[-inf - 2.1];[66.5 - inf];DGN3;PRZ1;T;F;F;F;F;OC12;F;F;F;F;F;T
[2.8 - 3.6];[2.8 - inf];[66.5 - inf];DGN3;PRZ1;F;F;F;T;T;OC12;F;F;F;T;F;F
[2.8 - 3.6];[2.8 - inf];[66.5 - inf];DGN3;PRZ1;F;F;F;T;F;OC12;F;F;F;T;F;F
[-inf - 2.8];[2.1 - 2.8];[59.5 - 66.5];DGN3;PRZ1;F;F;F;F;T;OC12;T;F;F;F;F;F
[2.8 - 3.6];[2.1 - 2.8];[66.5 - inf];DGN3;PRZ1;F;F;T;T;F;OC13;F;F;F;T;F;F
[-inf - 2.8];[-inf - 2.1];[59.5 - 66.5];DGN3;PRZ1;F;F;F;T;T;OC12;F;T;F;T;F;F
[2.8 - 3.6];[2.1 - 2.8];[59.5 - 66.5];DGN3;PRZ1;F;T;F;T;T;OC12;F;F;T;T;F;F
[-inf - 2.8];[-inf - 2.1];[-inf - 59.5];DGN3;PRZ1;F;F;F;T;F;OC11;F;F;F;T;F;F
[2.8 - 3.6];[-inf - 2.1];[66.5 - inf];DGN3;PRZ0;F;F;F;F;F;OC12;F;F;F;F;F;F
[2.8 - 3.6];[2.1 - 2.8];[-inf - 59.5];DGN3;PRZ0;F;F;F;F;F;OC11;F;F;F;T;F;F
[2.8 - 3.6];[2.1 - 2.8];[66.5 - inf];DGN3;PRZ1;T;T;F;T;F;OC12;F;F;F;T;F;F
[-inf - 2.8];[-inf - 2.1];[66.5 - inf];DGN2;PRZ1;F;F;F;T;F;OC12;F;F;F;F;F;F
[2.8 - 3.6];[2.1 - 2.8];[-inf - 59.5];DGN2;PRZ1;F;F;F;T;F;OC14;F;F;F;T;F;F
[2.8 - 3.6];[2.1 - 2.8];[-inf - 59.5];DGN3;PRZ1;F;T;T;T;F;OC12;F;F;F;T;F;F
[2.8 - 3.6];[-inf - 2.1];[59.5 - 66.5];DGN2;PRZ1;F;F;F;T;T;OC11;F;F;F;T;F;F
[-inf - 2.8];[-inf - 2.1];[66.5 - inf];DGN3;PRZ1;F;F;F;T;T;OC11;F;F;F;T;F;F
[-inf - 2.8];[-inf - 2.1];[-inf - 59.5];DGN3;PRZ0;F;F;F;F;F;OC11;T;F;F;T;F;F
[-inf - 2.8];[-inf - 2.1];[59.5 - 66.5];DGN3;PRZ1;F;T;T;T;F;OC13;F;F;F;F;F;T
[3.6 - inf];[-inf - 2.1];[59.5 - 66.5];DGN3;PRZ1;F;F;F;T;F;OC12;F;F;F;T;F;F
[2.8 - 3.6];[2.1 - 2.8];[59.5 - 66.5];DGN2;PRZ0;F;F;F;F;F;OC12;T;F;F;T;F;F
[2.8 - 3.6];[2.1 - 2.8];[59.5 - 66.5];DGN2;PRZ1;F;T;T;T;F;OC12;F;F;T;T;F;F
[-inf - 2.8];[2.1 - 2.8];[-inf - 59.5];DGN3;PRZ1;F;F;F;T;F;OC11;F;F;F;T;F;T
[-inf - 2.8];[-inf - 2.1];[59.5 - 66.5];DGN3;PRZ1;F;F;F;T;T;OC11;F;F;F;T;F;F
[3.6 - inf];[2.1 - 2.8];[66.5 - inf];DGN3;PRZ0;F;F;T;T;F;OC12;F;F;F;T;F;T
[2.8 - 3.6];[2.1 - 2.8];[-inf - 59.5];DGN3;PRZ2;F;F;F;T;F;OC14;F;F;F;T;F;F
[2.8 - 3.6];[2.1 - 2.8];[-inf - 59.5];DGN3;PRZ1;F;F;F;T;F;OC12;F;F;F;T;F;F
[3.6 - inf];[2.8 - inf];[-inf - 59.5];DGN3;PRZ1;F;T;F;T;T;OC12;F;F;F;T;F;F
[2.8 - 3.6];[2.1 - 2.8];[59.5 - 66.5];DGN3;PRZ2;F;F;F;T;T;OC12;F;F;F;T;F;F
[3.6 - inf];[2.8 - inf];[59.5 - 66.5];DGN3;PRZ1;F;F;F;T;T;OC12;F;F;F;T;F;F
[3.6 - inf];[2.8 - inf];[-inf - 59.5];DGN3;PRZ1;F;F;F;T;F;OC12;F;F;F;T;F;F
[2.8 - 3.6];[2.1 - 2.8];[59.5 - 66.5];DGN3;PRZ1;F;F;F;T;F;OC11;F;F;F;T;F;F
[-inf - 2.8];[2.8 - inf];[-inf - 59.5];DGN3;PRZ1;F;F;F;T;F;OC12;F;F;F;T;F;F
[-inf - 2.8];[-inf - 2.1];[-inf - 59.5];DGN3;PRZ0;F;F;F;F;F;OC11;F;F;F;F;F;F
[2.8 - 3.6];[2.1 - 2.8];[66.5 - inf];DGN5;PRZ0;F;F;T;F;F;OC12;F;F;F;F;F;T
[2.8 - 3.6];[2.1 - 2.8];[59.5 - 66.5];DGN3;PRZ1;F;F;F;T;F;OC11;F;F;F;T;F;F
[2.8 - 3.6];[-inf - 2.1];[59.5 - 66.5];DGN4;PRZ1;F;F;F;T;F;OC11;F;F;F;T;F;F
[-inf - 2.8];[-inf - 2.1];[66.5 - inf];DGN3;PRZ1;F;F;F;T;F;OC11;F;F;F;T;F;F
[3.6 - inf];[2.8 - inf];[59.5 - 66.5];DGN4;PRZ0;F;F;F;F;F;OC12;F;F;F;T;F;F
[-inf - 2.8];[-inf - 2.1];[59.5 - 66.5];DGN3;PRZ0;F;F;F;F;F;OC12;F;F;F;T;T;F
[-inf - 2.8];[2.1 - 2.8];[59.5 - 66.5];DGN3;PRZ0;F;F;F;F;F;OC11;F;F;F;T;F;T
[2.8 - 3.6];[2.1 - 2.8];[-inf - 59.5];DGN2;PRZ1;F;F;F;T;F;OC11;F;F;F;F;F;F
[3.6 - inf];[2.8 - inf];[-inf - 59.5];DGN3;PRZ0;F;F;F;F;F;OC12;F;F;F;T;F;F
[2.8 - 3.6];[2.1 - 2.8];[-inf - 59.5];DGN3;PRZ0;F;F;F;F;F;OC11;F;F;F;T;F;F
[-inf - 2.8];[-inf - 2.1];[59.5 - 66.5];DGN3;PRZ1;F;T;F;T;F;OC12;F;F;F;T;F;T
[2.8 - 3.6];[2.1 - 2.8];[66.5 - inf];DGN3;PRZ1;T;T;F;F;F;OC12;F;F;F;T;F;T
[2.8 - 3.6];[2.1 - 2.8];[59.5 - 66.5];DGN3;PRZ1;F;F;F;T;F;OC12;F;F;F;F;F;F
[2.8 - 3.6];[2.1 - 2.8];[66.5 - inf];DGN3;PRZ1;F;F;F;F;F;OC11;F;F;F;T;F;F
[-inf - 2.8];[-inf - 2.1];[66.5 - inf];DGN4;PRZ1;F;F;F;T;T;OC11;F;F;F;T;F;F
[-inf - 2.8];[-inf - 2.1];[-inf - 59.5];DGN3;PRZ1;F;F;F;T;F;OC12;F;F;F;T;F;F
[-inf - 2.8];[2.1 - 2.8];[-inf - 59.5];DGN3;PRZ0;F;F;F;F;F;OC11;F;F;F;T;F;F
[3.6 - inf];[2.1 - 2.8];[-inf - 59.5];DGN2;PRZ1;T;T;F;F;F;OC13;F;F;F;T;F;F
[2.8 - 3.6];[2.8 - inf];[-inf - 59.5];DGN2;PRZ0;F;F;F;F;F;OC12;F;F;F;T;F;F
[2.8 - 3.6];[2.8 - inf];[66.5 - inf];DGN3;PRZ0;F;F;F;F;F;OC12;F;F;F;F;F;F
[-inf - 2.8];[-inf - 2.1];[59.5 - 66.5];DGN3;PRZ0;F;F;F;F;F;OC12;F;F;F;T;F;F
[3.6 - inf];[2.8 - inf];[-inf - 59.5];DGN3;PRZ0;F;F;F;F;F;OC11;F;F;F;T;F;F
[-inf - 2.8];[-inf - 2.1];[59.5 - 66.5];DGN3;PRZ1;F;F;F;T;F;OC11;F;F;F;T;F;F
[3.6 - inf];[2.8 - inf];[66.5 - inf];DGN3;PRZ0;F;F;F;F;F;OC12;F;F;F;T;F;F
[-inf - 2.8];[-inf - 2.1];[-inf - 59.5];DGN2;PRZ1;F;T;F;T;T;OC12;F;F;F;T;F;T
[3.6 - inf];[2.8 - inf];[-inf - 59.5];DGN3;PRZ0;F;F;F;F;F;OC11;F;F;F;T;F;F
[2.8 - 3.6];[2.1 - 2.8];[-inf - 59.5];DGN3;PRZ1;F;F;F;T;F;OC12;F;F;F;T;F;T
[-inf - 2.8];[-inf - 2.1];[-inf - 59.5];DGN3;PRZ1;T;T;T;F;F;OC11;F;F;F;T;F;F
[-inf - 2.8];[-inf - 2.1];[59.5 - 66.5];DGN3;PRZ0;F;F;F;F;F;OC12;T;F;F;T;F;T
[2.8 - 3.6];[2.1 - 2.8];[-inf - 59.5];DGN3;PRZ0;F;F;F;F;F;OC11;F;F;F;T;F;F
[-inf - 2.8];[2.8 - inf];[59.5 - 66.5];DGN2;PRZ1;F;T;F;T;F;OC12;F;F;F;T;F;F
[2.8 - 3.6];[-inf - 2.1];[59.5 - 66.5];DGN2;PRZ1;F;F;F;T;F;OC12;F;F;F;T;F;F
[3.6 - inf];[2.8 - inf];[66.5 - inf];DGN3;PRZ1;F;F;F;T;F;OC12;F;F;F;T;F;F
[3.6 - inf];[2.8 - inf];[66.5 - inf];DGN3;PRZ1;F;F;F;T;F;OC11;F;F;F;T;F;F
[2.8 - 3.6];[-inf - 2.1];[66.5 - inf];DGN3;PRZ0;F;F;F;F;F;OC11;F;F;F;T;F;F
[2.8 - 3.6];[-inf - 2.1];[-inf - 59.5];DGN5;PRZ1;F;F;F;T;F;OC13;F;F;F;T;F;T
[3.6 - inf];[2.8 - inf];[66.5 - inf];DGN4;PRZ1;F;F;F;T;F;OC12;F;F;F;T;F;F
[3.6 - inf];[2.8 - inf];[-inf - 59.5];DGN3;PRZ1;F;F;T;T;F;OC12;F;F;F;T;F;F
[3.6 - inf];[2.8 - inf];[59.5 - 66.5];DGN3;PRZ0;F;F;F;F;F;OC11;F;F;T;T;F;F
[3.6 - inf];[2.8 - inf];[-inf - 59.5];DGN3;PRZ1;F;F;F;T;F;OC12;F;F;F;T;F;F
[-inf - 2.8];[2.1 - 2.8];[59.5 - 66.5];DGN4;PRZ1;T;F;F;F;F;OC12;T;F;F;T;F;F
[2.8 - 3.6];[2.1 - 2.8];[59.5 - 66.5];DGN3;PRZ1;F;F;F;T;T;OC12;F;F;F;T;F;F
[-inf - 2.8];[2.1 - 2.8];[59.5 - 66.5];DGN3;PRZ1;F;F;F;T;F;OC12;F;F;F;T;F;T
[-inf - 2.8];[-inf - 2.1];[59.5 - 66.5];DGN3;PRZ0;F;F;F;F;F;OC11;F;F;F;F;F;F
[-inf - 2.8];[-inf - 2.1];[59.5 - 66.5];DGN3;PRZ1;F;F;F;T;F;OC12;T;F;F;T;F;T
[3.6 - inf];[2.8 - inf];[-inf - 59.5];DGN3;PRZ1;F;F;T;T;F;OC11;F;F;F;T;F;F
[2.8 - 3.6];[2.1 - 2.8];[-inf - 59.5];DGN5;PRZ1;F;F;F;T;F;OC12;F;F;F;T;F;F
[-inf - 2.8];[-inf - 2.1];[66.5 - inf];DGN3;PRZ1;F;F;F;T;F;OC11;F;F;F;T;F;F
[-inf - 2.8];[-inf - 2.1];[-inf - 59.5];DGN3;PRZ1;F;F;F;T;F;OC12;F;F;F;T;F;F
[-inf - 2.8];[-inf - 2.1];[66.5 - inf];DGN3;PRZ1;F;F;F;T;T;OC11;F;F;F;T;F;F
[3.6 - inf];[2.8 - inf];[59.5 - 66.5];DGN3;PRZ1;F;F;F;T;F;OC12;F;F;F;T;F;F
[2.8 - 3.6];[-inf - 2.1];[66.5 - inf];DGN3;PRZ1;F;F;F;T;T;OC12;F;F;F;T;F;F
[2.8 - 3.6];[2.1 - 2.8];[66.5 - inf];DGN3;PRZ0;F;F;F;T;F;OC11;F;F;F;T;F;F
[2.8 - 3.6];[-inf - 2.1];[-inf - 59.5];DGN5;PRZ1;F;F;F;F;T;OC11;F;F;F;T;F;T
[2.8 - 3.6];[2.1 - 2.8];[59.5 - 66.5];DGN3;PRZ1;F;F;F;T;F;OC12;F;F;F;T;F;T
[3.6 - inf];[2.8 - inf];[66.5 - inf];DGN3;PRZ0;F;F;F;F;F;OC11;F;F;F;T;F;F
[3.6 - inf];[2.8 - inf];[59.5 - 66.5];DGN3;PRZ1;F;F;F;T;F;OC12;F;F;F;T;F;F
[3.6 - inf];[2.8 - inf];[66.5 - inf];DGN2;PRZ0;F;T;F;T;F;OC14;F;F;F;T;F;T
[3.6 - inf];[2.8 - inf];[-inf - 59.5];DGN3;PRZ1;F;F;F;F;F;OC11;F;F;F;T;F;F
[2.8 - 3.6];[2.1 - 2.8];[-inf - 59.5];DGN3;PRZ1;F;F;F;T;F;OC11;F;T;F;T;F;F
[3.6 - inf];[2.8 - inf];[-inf - 59.5];DGN3;PRZ1;F;F;F;T;F;OC12;F;F;F;T;F;F
[3.6 - inf];[2.8 - inf];[66.5 - inf];DGN4;PRZ0;F;F;F;F;F;OC12;F;F;F;T;F;F
[3.6 - inf];[2.8 - inf];[-inf - 59.5];DGN3;PRZ0;F;F;F;T;F;OC12;F;F;F;T;F;F
[3.6 - inf];[2.8 - inf];[59.5 - 66.5];DGN4;PRZ1;F;F;F;T;F;OC12;F;F;F;T;F;F
[-inf - 2.8];[-inf - 2.1];[66.5 - inf];DGN3;PRZ1;F;F;F;T;F;OC12;F;F;F;T;F;F
[3.6 - inf];[2.8 - inf];[66.5 - inf];DGN3;PRZ1;F;F;F;T;F;OC12;F;F;F;T;F;F
[2.8 - 3.6];[2.1 - 2.8];[66.5 - inf];DGN3;PRZ2;F;F;F;T;T;OC11;F;F;F;T;F;T
[3.6 - inf];[2.8 - inf];[59.5 - 66.5];DGN3;PRZ1;F;F;F;T;F;OC12;F;F;F;T;F;F
[3.6 - inf];[2.1 - 2.8];[59.5 - 66.5];DGN3;PRZ1;F;F;F;T;F;OC12;F;F;F;T;F;F
[2.8 - 3.6];[2.8 - inf];[59.5 - 66.5];DGN3;PRZ1;T;F;F;F;F;OC11;F;F;F;T;F;F
[3.6 - inf];[2.8 - inf];[-inf - 59.5];DGN3;PRZ0;T;F;F;T;F;OC12;F;F;F;T;F;F
[-inf - 2.8];[-inf - 2.1];[-inf - 59.5];DGN3;PRZ1;F;F;F;T;F;OC11;F;F;F;T;F;F
[2.8 - 3.6];[2.1 - 2.8];[-inf - 59.5];DGN3;PRZ0;F;F;F;F;F;OC11;F;F;F;T;F;F
[3.6 - inf];[2.1 - 2.8];[-inf - 59.5];DGN3;PRZ1;F;T;F;T;F;OC11;F;F;F;T;F;F
[3.6 - inf];[2.1 - 2.8];[-inf - 59.5];DGN3;PRZ0;F;F;F;F;F;OC12;F;F;F;T;F;F
[-inf - 2.8];[-inf - 2.1];[66.5 - inf];DGN3;PRZ0;F;F;F;F;F;OC14;F;F;F;F;F;T
[-inf - 2.8];[-inf - 2.1];[66.5 - inf];DGN3;PRZ1;F;F;F;T;F;OC12;F;F;F;T;F;F
[2.8 - 3.6];[-inf - 2.1];[-inf - 59.5];DGN3;PRZ0;F;T;F;T;F;OC11;F;F;F;T;F;F
[2.8 - 3.6];[2.8 - inf];[66.5 - inf];DGN4;PRZ0;F;F;F;F;F;OC11;F;F;F;F;F;F
[-inf - 2.8];[-inf - 2.1];[59.5 - 66.5];DGN3;PRZ1;F;F;F;T;F;OC11;F;F;F;T;F;F
[2.8 - 3.6];[2.1 - 2.8];[59.5 - 66.5];DGN3;PRZ0;F;F;F;F;F;OC12;F;F;F;T;F;F
[3.6 - inf];[2.8 - inf];[66.5 - inf];DGN3;PRZ1;F;F;F;T;F;OC12;F;F;F;T;F;F
[2.8 - 3.6];[2.8 - inf];[59.5 - 66.5];DGN3;PRZ2;F;F;F;T;T;OC13;F;F;F;T;F;F
[-inf - 2.8];[-inf - 2.1];[66.5 - inf];DGN3;PRZ2;F;F;T;T;T;OC12;F;F;F;T;F;T
[3.6 - inf];[2.8 - inf];[66.5 - inf];DGN3;PRZ1;T;F;F;T;F;OC11;F;F;F;T;F;F
[-inf - 2.8];[-inf - 2.1];[66.5 - inf];DGN3;PRZ1;F;F;F;T;T;OC12;F;F;F;T;F;T
[2.8 - 3.6];[2.1 - 2.8];[66.5 - inf];DGN5;PRZ0;F;F;F;F;F;OC11;F;F;F;T;F;F
[-inf - 2.8];[-inf - 2.1];[66.5 - inf];DGN3;PRZ0;F;T;F;F;F;OC12;F;F;F;F;F;F
[2.8 - 3.6];[2.1 - 2.8];[66.5 - inf];DGN4;PRZ2;F;F;F;T;T;OC11;T;F;F;T;F;F
[3.6 - inf];[2.1 - 2.8];[-inf - 59.5];DGN2;PRZ1;F;F;F;T;F;OC12;F;F;F;T;F;T
[-inf - 2.8];[-inf - 2.1];[59.5 - 66.5];DGN3;PRZ1;F;F;F;F;T;OC12;F;F;F;T;F;F
[2.8 - 3.6];[-inf - 2.1];[66.5 - inf];DGN3;PRZ1;F;F;F;T;F;OC12;F;F;F;T;F;F
[2.8 - 3.6];[2.1 - 2.8];[66.5 - inf];DGN3;PRZ1;F;F;F;T;F;OC12;T;F;F;T;F;F
[3.6 - inf];[2.8 - inf];[-inf - 59.5];DGN3;PRZ1;F;F;F;T;F;OC11;F;F;F;F;F;F
[3.6 - inf];[2.1 - 2.8];[-inf - 59.5];DGN3;PRZ1;F;F;F;T;F;OC11;F;F;F;T;F;F
[-inf - 2.8];[-inf - 2.1];[59.5 - 66.5];DGN3;PRZ1;F;F;F;T;F;OC11;F;F;F;T;F;F
[3.6 - inf];[2.8 - inf];[59.5 - 66.5];DGN3;PRZ0;F;F;F;F;F;OC12;F;F;F;F;F;F
[2.8 - 3.6];[2.1 - 2.8];[66.5 - inf];DGN3;PRZ1;T;F;F;T;F;OC12;F;F;F;F;F;F
[-inf - 2.8];[-inf - 2.1];[59.5 - 66.5];DGN2;PRZ1;F;T;F;T;F;OC12;F;F;F;T;F;F
[-inf - 2.8];[-inf - 2.1];[-inf - 59.5];DGN3;PRZ0;F;F;F;F;F;OC11;F;F;F;T;F;F
[-inf - 2.8];[-inf - 2.1];[66.5 - inf];DGN3;PRZ1;F;F;F;T;F;OC11;F;F;F;T;F;F
[3.6 - inf];[2.8 - inf];[-inf - 59.5];DGN4;PRZ1;F;F;F;T;F;OC12;F;F;F;T;F;F
[2.8 - 3.6];[2.1 - 2.8];[59.5 - 66.5];DGN3;PRZ1;F;F;F;T;F;OC12;F;F;F;T;F;F
[2.8 - 3.6];[-inf - 2.1];[59.5 - 66.5];DGN3;PRZ1;F;F;F;T;T;OC14;F;F;F;T;F;F
[2.8 - 3.6];[2.1 - 2.8];[66.5 - inf];DGN3;PRZ1;F;F;F;T;F;OC12;F;F;F;T;F;F
[3.6 - inf];[2.8 - inf];[59.5 - 66.5];DGN3;PRZ1;F;F;F;T;T;OC12;F;F;F;T;F;F
[-inf - 2.8];[2.1 - 2.8];[66.5 - inf];DGN3;PRZ1;F;F;F;T;T;OC11;T;F;F;T;F;F
[3.6 - inf];[2.1 - 2.8];[59.5 - 66.5];DGN1;PRZ0;F;F;F;F;F;OC12;F;F;F;T;F;F
[3.6 - inf];[2.8 - inf];[66.5 - inf];DGN3;PRZ1;F;F;F;T;F;OC12;F;F;T;T;F;F
[-inf - 2.8];[-inf - 2.1];[59.5 - 66.5];DGN2;PRZ1;F;F;F;T;F;OC11;T;F;F;T;F;F
[3.6 - inf];[2.8 - inf];[66.5 - inf];DGN3;PRZ1;F;T;F;T;F;OC12;F;F;F;T;F;F
[-inf - 2.8];[-inf - 2.1];[-inf - 59.5];DGN3;PRZ1;F;F;F;T;F;OC12;F;F;F;T;F;T
[3.6 - inf];[2.8 - inf];[-inf - 59.5];DGN3;PRZ1;T;F;T;T;F;OC12;F;F;F;T;F;T
[3.6 - inf];[2.1 - 2.8];[66.5 - inf];DGN3;PRZ2;F;T;F;T;T;OC11;F;F;F;T;F;F
[2.8 - 3.6];[-inf - 2.1];[-inf - 59.5];DGN3;PRZ0;F;F;F;F;F;OC12;F;F;F;T;F;F
[3.6 - inf];[2.8 - inf];[59.5 - 66.5];DGN3;PRZ1;F;T;F;T;T;OC12;F;F;F;T;F;F
[2.8 - 3.6];[-inf - 2.1];[59.5 - 66.5];DGN3;PRZ0;F;F;F;F;F;OC12;F;F;F;F;F;F
[3.6 - inf];[2.8 - inf];[59.5 - 66.5];DGN3;PRZ2;T;F;F;T;T;OC13;F;F;F;F;F;T
[3.6 - inf];[2.8 - inf];[66.5 - inf];DGN3;PRZ1;F;T;F;T;T;OC12;F;F;F;T;F;F
[3.6 - inf];[2.8 - inf];[-inf - 59.5];DGN3;PRZ0;F;F;F;F;F;OC12;F;F;F;T;F;F
[-inf - 2.8];[-inf - 2.1];[66.5 - inf];DGN3;PRZ1;F;F;F;T;F;OC12;F;F;F;T;F;T
[2.8 - 3.6];[2.1 - 2.8];[66.5 - inf];DGN5;PRZ1;F;F;F;T;T;OC12;F;F;F;T;F;F
[-inf - 2.8];[2.1 - 2.8];[-inf - 59.5];DGN3;PRZ1;F;F;F;T;F;OC12;F;F;F;T;F;F
[-inf - 2.8];[-inf - 2.1];[59.5 - 66.5];DGN3;PRZ1;F;F;F;T;F;OC11;F;F;F;T;F;F
[-inf - 2.8];[-inf - 2.1];[66.5 - inf];DGN3;PRZ1;F;F;F;F;T;OC11;F;F;F;T;F;F
[2.8 - 3.6];[2.8 - inf];[59.5 - 66.5];DGN4;PRZ0;F;F;F;F;F;OC11;F;F;F;F;F;F
[-inf - 2.8];[-inf - 2.1];[59.5 - 66.5];DGN3;PRZ1;F;T;F;T;T;OC12;F;F;F;F;F;F
[2.8 - 3.6];[2.1 - 2.8];[-inf - 59.5];DGN3;PRZ1;T;F;F;T;F;OC12;F;F;F;T;F;T
[-inf - 2.8];[-inf - 2.1];[66.5 - inf];DGN3;PRZ1;F;F;F;T;F;OC12;F;F;F;T;F;F
[-inf - 2.8];[-inf - 2.1];[66.5 - inf];DGN4;PRZ1;F;F;F;T;F;OC12;F;F;F;T;F;F
[2.8 - 3.6];[2.1 - 2.8];[-inf - 59.5];DGN2;PRZ1;F;T;F;T;F;OC12;F;F;F;T;F;F
[2.8 - 3.6];[2.1 - 2.8];[-inf - 59.5];DGN3;PRZ1;F;F;F;T;F;OC12;F;F;F;F;F;F
[-inf - 2.8];[-inf - 2.1];[66.5 - inf];DGN3;PRZ1;F;F;T;T;F;OC12;F;F;F;T;F;F
[-inf - 2.8];[-inf - 2.1];[59.5 - 66.5];DGN3;PRZ1;F;F;F;T;F;OC11;F;F;F;T;F;F
[-inf - 2.8];[2.8 - inf];[59.5 - 66.5];DGN3;PRZ0;F;F;F;F;F;OC11;F;F;F;T;F;F
[3.6 - inf];[2.8 - inf];[-inf - 59.5];DGN3;PRZ1;F;F;F;T;F;OC14;F;F;F;T;F;F
[3.6 - inf];[2.8 - inf];[66.5 - inf];DGN3;PRZ1;F;F;F;T;F;OC12;F;F;F;T;F;T
[-inf - 2.8];[2.1 - 2.8];[59.5 - 66.5];DGN3;PRZ1;F;F;F;T;F;OC11;F;F;F;T;F;F
[-inf - 2.8];[-inf - 2.1];[59.5 - 66.5];DGN2;PRZ2;F;T;F;T;T;OC12;F;F;F;T;F;F
[3.6 - inf];[2.8 - inf];[-inf - 59.5];DGN4;PRZ1;F;F;F;F;F;OC11;F;F;F;T;F;F
[3.6 - inf];[2.8 - inf];[-inf - 59.5];DGN4;PRZ1;F;F;T;F;F;OC11;F;F;F;F;F;F
[2.8 - 3.6];[2.1 - 2.8];[66.5 - inf];DGN3;PRZ1;F;F;F;T;T;OC12;F;F;F;T;F;F
[-inf - 2.8];[-inf - 2.1];[66.5 - inf];DGN3;PRZ2;F;T;F;T;T;OC11;F;F;F;T;F;F
[-inf - 2.8];[-inf - 2.1];[-inf - 59.5];DGN3;PRZ1;F;F;F;T;F;OC12;F;F;F;T;F;F
[-inf - 2.8];[-inf - 2.1];[66.5 - inf];DGN4;PRZ0;F;F;F;F;F;OC12;F;F;F;F;F;F
[2.8 - 3.6];[2.8 - inf];[59.5 - 66.5];DGN2;PRZ1;F;T;T;T;F;OC12;F;F;F;F;F;F
[2.8 - 3.6];[2.8 - inf];[59.5 - 66.5];DGN3;PRZ0;F;F;F;F;F;OC11;F;F;F;T;F;F
[-inf - 2.8];[-inf - 2.1];[-inf - 59.5];DGN3;PRZ0;F;F;F;F;F;OC11;F;F;F;T;F;F
[-inf - 2.8];[-inf - 2.1];[66.5 - inf];DGN4;PRZ0;F;F;F;F;F;OC11;F;F;F;F;F;F
[3.6 - inf];[2.8 - inf];[66.5 - inf];DGN2;PRZ1;F;F;F;T;F;OC12;F;F;F;T;F;T
[-inf - 2.8];[-inf - 2.1];[59.5 - 66.5];DGN3;PRZ1;F;F;F;T;F;OC11;F;F;F;T;F;F
[-inf - 2.8];[-inf - 2.1];[66.5 - inf];DGN3;PRZ1;F;T;F;T;T;OC11;F;F;F;T;F;F
[2.8 - 3.6];[2.1 - 2.8];[66.5 - inf];DGN4;PRZ1;F;F;F;T;F;OC12;F;F;F;T;F;F
[3.6 - inf];[2.8 - inf];[59.5 - 66.5];DGN3;PRZ0;F;F;F;F;F;OC11;F;F;F;T;F;F
[2.8 - 3.6];[-inf - 2.1];[-inf - 59.5];DGN3;PRZ1;F;F;F;T;F;OC12;F;F;F;T;F;F
[3.6 - inf];[2.8 - inf];[66.5 - inf];DGN3;PRZ0;F;F;F;F;F;OC11;F;F;F;T;F;T
[-inf - 2.8];[-inf - 2.1];[66.5 - inf];DGN3;PRZ1;F;T;F;F;F;OC12;F;F;F;T;F;F
[-inf - 2.8];[-inf - 2.1];[66.5 - inf];DGN4;PRZ1;F;T;F;T;F;OC11;F;F;F;T;F;F
[2.8 - 3.6];[2.1 - 2.8];[59.5 - 66.5];DGN3;PRZ1;F;F;F;T;T;OC11;F;F;F;T;F;F
[3.6 - inf];[2.8 - inf];[59.5 - 66.5];DGN3;PRZ1;F;F;F;T;F;OC12;F;F;F;T;F;F
[2.8 - 3.6];[2.1 - 2.8];[66.5 - inf];DGN2;PRZ2;F;F;F;T;T;OC14;F;F;F;T;F;F
[2.8 - 3.6];[2.8 - inf];[-inf - 59.5];DGN2;PRZ1;F;F;F;F;T;OC11;F;F;F;T;F;F
[3.6 - inf];[2.8 - inf];[-inf - 59.5];DGN3;PRZ1;T;F;F;T;F;OC13;F;F;F;T;F;F
[3.6 - inf];[2.8 - inf];[-inf - 59.5];DGN2;PRZ1;F;F;F;F;T;OC11;F;F;F;T;F;T
[-inf - 2.8];[2.8 - inf];[66.5 - inf];DGN4;PRZ0;F;F;F;F;F;OC12;F;F;F;F;F;F
[-inf - 2.8];[2.1 - 2.8];[66.5 - inf];DGN3;PRZ1;F;T;F;T;F;OC12;F;F;F;T;F;T
[2.8 - 3.6];[-inf - 2.1];[66.5 - inf];DGN3;PRZ1;F;F;F;T;F;OC11;F;F;F;T;F;F
[2.8 - 3.6];[2.8 - inf];[59.5 - 66.5];DGN3;PRZ1;F;T;T;F;F;OC12;F;F;F;F;F;F
[2.8 - 3.6];[2.8 - inf];[-inf - 59.5];DGN3;PRZ0;F;F;F;F;F;OC12;T;F;F;T;F;F
[3.6 - inf];[2.8 - inf];[59.5 - 66.5];DGN3;PRZ1;F;F;F;T;F;OC11;F;F;F;T;F;F
[3.6 - inf];[2.8 - inf];[-inf - 59.5];DGN3;PRZ1;F;F;F;T;F;OC12;F;F;F;T;F;F
[-inf - 2.8];[2.1 - 2.8];[-inf - 59.5];DGN3;PRZ1;F;F;T;T;F;OC12;F;F;F;T;F;F
[-inf - 2.8];[-inf - 2.1];[66.5 - inf];DGN3;PRZ0;F;F;F;F;F;OC12;F;F;F;T;F;T
[-inf - 2.8];[-inf - 2.1];[59.5 - 66.5];DGN3;PRZ1;F;F;F;T;F;OC12;F;F;F;T;F;F
[2.8 - 3.6];[-inf - 2.1];[59.5 - 66.5];DGN4;PRZ0;F;F;F;F;F;OC12;F;F;F;F;F;F
[-inf - 2.8];[-inf - 2.1];[-inf - 59.5];DGN3;PRZ1;F;F;F;T;F;OC12;F;F;F;T;F;F
[2.8 - 3.6];[2.1 - 2.8];[-inf - 59.5];DGN3;PRZ1;F;F;F;T;F;OC11;F;F;F;T;F;F
[2.8 - 3.6];[-inf - 2.1];[-inf - 59.5];DGN3;PRZ1;F;F;F;T;T;OC12;T;F;F;T;F;T
[-inf - 2.8];[-inf - 2.1];[-inf - 59.5];DGN3;PRZ1;F;T;F;T;F;OC12;F;F;F;T;F;F
[-inf - 2.8];[-inf - 2.1];[-inf - 59.5];DGN3;PRZ2;F;F;F;T;T;OC11;F;F;F;T;F;F
[-inf - 2.8];[-inf - 2.1];[59.5 - 66.5];DGN3;PRZ0;F;F;F;F;F;OC12;F;F;F;T;F;F
[-inf - 2.8];[2.1 - 2.8];[59.5 - 66.5];DGN3;PRZ1;F;F;F;T;F;OC11;F;F;F;T;F;F
[-inf - 2.8];[-inf - 2.1];[66.5 - inf];DGN5;PRZ1;F;T;F;T;F;OC12;T;F;T;T;F;T
[3.6 - inf];[2.1 - 2.8];[66.5 - inf];DGN6;PRZ1;F;F;F;T;F;OC12;F;F;F;T;F;F
[3.6 - inf];[2.8 - inf];[-inf - 59.5];DGN3;PRZ0;F;F;F;F;F;OC12;F;F;F;T;F;F
[2.8 - 3.6];[2.1 - 2.8];[-inf - 59.5];DGN3;PRZ0;F;F;F;F;F;OC12;F;F;F;T;F;F
[-inf - 2.8];[-inf - 2.1];[-inf - 59.5];DGN3;PRZ0;F;F;F;F;F;OC12;F;F;F;F;F;F
[2.8 - 3.6];[2.1 - 2.8];[-inf - 59.5];DGN3;PRZ1;F;F;F;T;F;OC11;F;F;F;T;F;F
[-inf - 2.8];[-inf - 2.1];[59.5 - 66.5];DGN3;PRZ0;F;T;F;T;F;OC14;T;F;F;T;F;F
[-inf - 2.8];[2.1 - 2.8];[66.5 - inf];DGN3;PRZ1;F;F;F;T;F;OC12;F;F;F;T;F;F
[3.6 - inf];[2.8 - inf];[66.5 - inf];DGN3;PRZ0;F;F;F;F;F;OC12;F;F;F;T;F;F
[3.6 - inf];[2.8 - inf];[-inf - 59.5];DGN3;PRZ1;F;F;F;T;F;OC11;F;F;F;T;F;F
[-inf - 2.8];[-inf - 2.1];[59.5 - 66.5];DGN3;PRZ0;F;F;F;F;F;OC12;F;F;F;T;F;F
[3.6 - inf];[2.8 - inf];[59.5 - 66.5];DGN3;PRZ1;F;F;F;F;T;OC12;F;F;F;T;F;F
[-inf - 2.8];[-inf - 2.1];[66.5 - inf];DGN4;PRZ1;F;F;F;T;F;OC11;F;F;F;T;F;F
[3.6 - inf];[-inf - 2.1];[-inf - 59.5];DGN3;PRZ0;F;T;F;F;F;OC12;F;F;F;T;F;F
[3.6 - inf];[2.8 - inf];[-inf - 59.5];DGN3;PRZ0;F;F;F;F;F;OC11;F;F;F;T;F;F
[2.8 - 3.6];[2.1 - 2.8];[66.5 - inf];DGN4;PRZ1;T;T;F;T;F;OC12;F;F;F;F;F;F
[-inf - 2.8];[-inf - 2.1];[-inf - 59.5];DGN3;PRZ1;F;F;F;T;F;OC11;F;F;F;F;F;F
[-inf - 2.8];[-inf - 2.1];[59.5 - 66.5];DGN3;PRZ1;F;F;F;T;F;OC12;F;F;F;F;F;F
[-inf - 2.8];[-inf - 2.1];[66.5 - inf];DGN3;PRZ1;F;F;F;T;F;OC12;T;F;F;T;F;F
[3.6 - inf];[2.8 - inf];[59.5 - 66.5];DGN3;PRZ1;F;F;T;T;T;OC11;F;F;F;T;F;T
[3.6 - inf];[2.8 - inf];[-inf - 59.5];DGN4;PRZ0;F;F;F;F;F;OC12;F;F;F;T;F;F
[-inf - 2.8];[-inf - 2.1];[66.5 - inf];DGN3;PRZ1;F;F;F;T;F;OC13;F;F;F;T;F;F
[3.6 - inf];[2.1 - 2.8];[-inf - 59.5];DGN2;PRZ1;F;F;F;T;F;OC14;F;F;F;T;F;F
[2.8 - 3.6];[2.1 - 2.8];[66.5 - inf];DGN3;PRZ1;F;F;F;T;F;OC12;F;F;F;T;F;F
[-inf - 2.8];[-inf - 2.1];[-inf - 59.5];DGN2;PRZ1;F;T;F;T;F;OC12;F;F;F;T;F;F
[2.8 - 3.6];[2.1 - 2.8];[66.5 - inf];DGN4;PRZ1;F;F;F;T;F;OC13;F;F;F;T;F;F
[3.6 - inf];[2.8 - inf];[59.5 - 66.5];DGN3;PRZ1;F;F;F;T;F;OC12;F;F;F;T;F;F
[3.6 - inf];[2.1 - 2.8];[-inf - 59.5];DGN4;PRZ1;F;F;F;T;T;OC11;F;F;F;T;F;F
[2.8 - 3.6];[2.8 - inf];[59.5 - 66.5];DGN4;PRZ1;F;F;F;T;F;OC11;T;F;F;T;F;F
[-inf - 2.8];[-inf - 2.1];[-inf - 59.5];DGN3;PRZ0;F;F;F;F;F;OC12;F;F;F;F;F;F
[3.6 - inf];[2.8 - inf];[59.5 - 66.5];DGN3;PRZ1;F;F;F;T;F;OC12;F;F;F;T;F;F
[2.8 - 3.6];[2.1 - 2.8];[66.5 - inf];DGN2;PRZ1;F;F;F;T;F;OC11;F;F;F;T;F;F
[-inf - 2.8];[-inf - 2.1];[59.5 - 66.5];DGN3;PRZ1;F;F;F;T;F;OC11;F;F;F;T;F;F
[-inf - 2.8];[-inf - 2.1];[59.5 - 66.5];DGN3;PRZ0;F;F;F;F;F;OC11;F;F;F;F;F;F
[2.8 - 3.6];[2.1 - 2.8];[66.5 - inf];DGN3;PRZ0;F;F;F;F;F;OC12;F;F;F;F;F;F
[2.8 - 3.6];[2.1 - 2.8];[-inf - 59.5];DGN3;PRZ1;F;F;F;T;F;OC12;F;F;F;T;F;F
[3.6 - inf];[2.1 - 2.8];[-inf - 59.5];DGN3;PRZ1;F;T;F;T;F;OC12;F;F;F;T;F;F
[2.8 - 3.6];[2.1 - 2.8];[-inf - 59.5];DGN2;PRZ0;F;F;F;T;F;OC12;F;F;F;T;F;T
[3.6 - inf];[2.8 - inf];[59.5 - 66.5];DGN6;PRZ1;F;F;F;T;F;OC12;F;F;F;F;F;F
[2.8 - 3.6];[2.8 - inf];[-inf - 59.5];DGN3;PRZ1;F;F;F;T;F;OC11;F;F;F;T;F;F
[-inf - 2.8];[-inf - 2.1];[66.5 - inf];DGN2;PRZ0;F;F;F;F;F;OC12;F;F;F;T;F;F
[2.8 - 3.6];[2.1 - 2.8];[-inf - 59.5];DGN3;PRZ1;F;F;F;T;F;OC12;T;F;F;T;F;F
[-inf - 2.8];[2.1 - 2.8];[-inf - 59.5];DGN3;PRZ0;F;F;F;F;F;OC11;F;F;F;T;F;F
[-inf - 2.8];[-inf - 2.1];[59.5 - 66.5];DGN2;PRZ1;F;F;F;T;F;OC12;F;F;F;T;F;T
[3.6 - inf];[2.8 - inf];[-inf - 59.5];DGN3;PRZ1;T;F;F;T;F;OC13;F;F;F;T;F;F
[2.8 - 3.6];[2.1 - 2.8];[-inf - 59.5];DGN3;PRZ0;F;F;F;F;F;OC11;F;F;F;F;F;F
[-inf - 2.8];[-inf - 2.1];[59.5 - 66.5];DGN2;PRZ1;F;T;F;F;F;OC12;F;F;F;T;F;F
[-inf - 2.8];[-inf - 2.1];[66.5 - inf];DGN3;PRZ1;F;T;F;T;F;OC11;F;F;F;T;F;F
[2.8 - 3.6];[2.1 - 2.8];[59.5 - 66.5];DGN3;PRZ0;F;F;F;F;F;OC11;F;F;F;F;F;F
[2.8 - 3.6];[2.1 - 2.8];[66.5 - inf];DGN3;PRZ1;F;F;F;T;T;OC11;T;F;F;T;F;F
[3.6 - inf];[2.8 - inf];[-inf - 59.5];DGN3;PRZ1;F;F;F;F;F;OC12;F;F;F;T;F;F
[-inf - 2.8];[-inf - 2.1];[66.5 - inf];DGN2;PRZ0;T;T;F;F;F;OC12;F;F;F;F;F;F
[-inf - 2.8];[-inf - 2.1];[66.5 - inf];DGN4;PRZ2;F;F;F;T;T;OC12;F;F;F;T;F;T
[3.6 - inf];[2.8 - inf];[59.5 - 66.5];DGN5;PRZ1;F;F;F;T;F;OC11;F;F;F;T;F;T
[3.6 - inf];[2.8 - inf];[59.5 - 66.5];DGN2;PRZ1;F;F;F;T;F;OC14;T;F;F;F;F;T
[-inf - 2.8];[2.1 - 2.8];[66.5 - inf];DGN3;PRZ0;F;F;F;F;F;OC12;F;F;F;T;F;F
[3.6 - inf];[2.8 - inf];[59.5 - 66.5];DGN3;PRZ0;F;T;F;T;F;OC12;F;F;F;F;F;F
[2.8 - 3.6];[2.1 - 2.8];[-inf - 59.5];DGN4;PRZ1;T;F;F;F;F;OC12;F;F;F;T;F;F
[2.8 - 3.6];[2.1 - 2.8];[-inf - 59.5];DGN3;PRZ1;F;F;F;T;F;OC12;F;F;F;T;F;F
[-inf - 2.8];[-inf - 2.1];[-inf - 59.5];DGN3;PRZ1;F;F;F;T;F;OC13;F;F;F;T;F;T
[2.8 - 3.6];[2.1 - 2.8];[66.5 - inf];DGN3;PRZ1;T;T;F;T;F;OC11;F;F;F;F;F;F
[2.8 - 3.6];[-inf - 2.1];[59.5 - 66.5];DGN3;PRZ1;F;F;F;T;T;OC12;F;F;F;T;F;F
[2.8 - 3.6];[2.1 - 2.8];[66.5 - inf];DGN3;PRZ1;F;F;F;T;F;OC14;T;F;F;T;F;F
[3.6 - inf];[2.1 - 2.8];[59.5 - 66.5];DGN3;PRZ0;F;F;F;F;F;OC12;F;F;F;T;F;F
[-inf - 2.8];[-inf - 2.1];[-inf - 59.5];DGN3;PRZ1;F;F;F;T;F;OC11;F;F;F;T;F;F
[-inf - 2.8];[-inf - 2.1];[66.5 - inf];DGN3;PRZ0;F;F;F;F;F;OC11;T;F;F;F;F;F
[3.6 - inf];[2.1 - 2.8];[59.5 - 66.5];DGN3;PRZ1;T;T;F;T;F;OC11;F;F;F;T;F;F
[2.8 - 3.6];[2.1 - 2.8];[-inf - 59.5];DGN3;PRZ1;F;F;F;T;F;OC11;F;F;F;T;F;F
[2.8 - 3.6];[-inf - 2.1];[-inf - 59.5];DGN3;PRZ1;F;F;F;T;F;OC11;F;F;F;T;F;F
[3.6 - inf];[2.8 - inf];[-inf - 59.5];DGN3;PRZ1;F;F;T;T;F;OC12;F;F;F;T;F;F
[3.6 - inf];[2.8 - inf];[-inf - 59.5];DGN3;PRZ1;F;F;F;T;F;OC12;F;F;F;T;F;F
[3.6 - inf];[2.8 - inf];[59.5 - 66.5];DGN5;PRZ0;T;T;F;T;F;OC12;F;F;F;F;F;F
[-inf - 2.8];[-inf - 2.1];[-inf - 59.5];DGN3;PRZ1;F;F;F;T;T;OC11;F;F;T;T;F;F
[2.8 - 3.6];[2.1 - 2.8];[59.5 - 66.5];DGN3;PRZ1;F;F;F;T;T;OC12;F;F;F;T;F;F
[3.6 - inf];[2.8 - inf];[59.5 - 66.5];DGN2;PRZ0;F;F;F;F;F;OC12;F;F;F;F;F;F
[3.6 - inf];[2.1 - 2.8];[59.5 - 66.5];DGN2;PRZ1;F;F;T;T;F;OC12;F;F;F;F;F;F
[3.6 - inf];[2.8 - inf];[66.5 - inf];DGN3;PRZ2;F;F;F;T;T;OC11;F;F;F;F;F;F
[-inf - 2.8];[2.8 - inf];[-inf - 59.5];DGN3;PRZ0;F;F;F;F;F;OC11;F;F;F;T;F;F
[-inf - 2.8];[-inf - 2.1];[59.5 - 66.5];DGN3;PRZ0;F;F;F;F;F;OC11;F;F;F;T;F;F
[3.6 - inf];[2.8 - inf];[-inf - 59.5];DGN8;PRZ0;F;F;F;F;F;OC12;F;F;F;F;F;F
[3.6 - inf];[2.8 - inf];[-inf - 59.5];DGN2;PRZ1;F;F;F;T;T;OC12;F;F;F;T;F;F
[2.8 - 3.6];[2.1 - 2.8];[66.5 - inf];DGN3;PRZ0;F;F;F;F;F;OC12;F;F;F;T;F;F
[2.8 - 3.6];[-inf - 2.1];[-inf - 59.5];DGN3;PRZ1;F;F;F;T;F;OC12;F;F;F;T;F;T
[-inf - 2.8];[-inf - 2.1];[66.5 - inf];DGN3;PRZ2;F;F;F;T;T;OC11;F;F;F;F;F;F
[2.8 - 3.6];[2.1 - 2.8];[-inf - 59.5];DGN4;PRZ1;F;F;F;T;F;OC12;F;F;F;T;F;F
[-inf - 2.8];[2.1 - 2.8];[66.5 - inf];DGN3;PRZ1;T;F;F;T;F;OC13;F;F;F;T;F;F
[2.8 - 3.6];[2.1 - 2.8];[66.5 - inf];DGN3;PRZ1;F;T;F;T;T;OC11;F;F;F;T;F;F
[2.8 - 3.6];[2.1 - 2.8];[66.5 - inf];DGN3;PRZ0;F;F;F;F;F;OC11;F;F;F;T;F;F
[2.8 - 3.6];[-inf - 2.1];[66.5 - inf];DGN4;PRZ1;F;F;F;T;F;OC12;F;F;F;T;F;F
[-inf - 2.8];[-inf - 2.1];[59.5 - 66.5];DGN3;PRZ1;F;F;F;T;F;OC12;F;F;F;T;F;F
[3.6 - inf];[2.8 - inf];[59.5 - 66.5];DGN3;PRZ0;F;F;F;T;F;OC11;F;F;F;T;F;F
[2.8 - 3.6];[2.8 - inf];[-inf - 59.5];DGN3;PRZ1;F;F;F;T;F;OC11;F;F;F;F;F;F
[3.6 - inf];[2.8 - inf];[59.5 - 66.5];DGN3;PRZ0;F;F;F;T;F;OC12;F;F;F;F;F;F
[3.6 - inf];[2.8 - inf];[-inf - 59.5];DGN4;PRZ1;F;F;F;T;F;OC12;F;F;F;F;F;F
[-inf - 2.8];[-inf - 2.1];[66.5 - inf];DGN3;PRZ1;T;T;F;T;F;OC12;F;F;F;F;F;F
[-inf - 2.8];[-inf - 2.1];[66.5 - inf];DGN3;PRZ2;T;T;F;F;F;OC11;F;F;F;T;F;F
[2.8 - 3.6];[2.1 - 2.8];[-inf - 59.5];DGN4;PRZ1;F;F;F;T;T;OC12;T;F;F;T;F;T
[2.8 - 3.6];[2.1 - 2.8];[66.5 - inf];DGN3;PRZ1;F;F;F;T;T;OC13;F;F;F;T;F;F
[3.6 - inf];[-inf - 2.1];[59.5 - 66.5];DGN2;PRZ1;F;F;F;T;F;OC13;F;F;F;T;F;F
[3.6 - inf];[2.8 - inf];[59.5 - 66.5];DGN3;PRZ0;F;F;F;F;F;OC11;F;F;F;T;F;F
[2.8 - 3.6];[-inf - 2.1];[-inf - 59.5];DGN3;PRZ1;F;F;F;T;F;OC13;F;F;F;F;F;F
[-inf - 2.8];[-inf - 2.1];[66.5 - inf];DGN3;PRZ1;F;F;F;T;T;OC12;F;F;F;T;F;F
[3.6 - inf];[2.8 - inf];[-inf - 59.5];DGN3;PRZ0;F;F;F;F;F;OC12;F;F;F;T;F;F
